Category,Completed,Problem,Link,Difficulty,CompletedWithThisScript
Arrays & Hashing,True,Contains Duplicate,/problems/duplicate-integer,Easy,True
Arrays & Hashing,True,Valid Anagram,/problems/is-anagram,Easy,True
Arrays & Hashing,False,Concatenation of Array,https://leetcode.com/problems/concatenation-of-array/,Easy,True
Arrays & Hashing,False,Replace Elements With Greatest Element On Right Side,https://leetcode.com/problems/replace-elements-with-greatest-element-on-right-side/,Easy,False
Arrays & Hashing,False,Is Subsequence,https://leetcode.com/problems/is-subsequence/,Easy,False
Arrays & Hashing,False,Length of Last Word,https://leetcode.com/problems/length-of-last-word/,Easy,False
Arrays & Hashing,True,Two Sum,/problems/two-integer-sum,Easy,True
Arrays & Hashing,False,Longest Common Prefix,https://leetcode.com/problems/longest-common-prefix/,Easy,False
Arrays & Hashing,True,Group Anagrams,/problems/anagram-groups,Medium,True
Arrays & Hashing,False,Pascals Triangle,https://leetcode.com/problems/pascals-triangle/,Easy,False
Arrays & Hashing,False,Remove Element,https://leetcode.com/problems/remove-element/,Easy,False
Arrays & Hashing,False,Unique Email Addresses,https://leetcode.com/problems/unique-email-addresses/,Easy,False
Arrays & Hashing,False,Isomorphic Strings,https://leetcode.com/problems/isomorphic-strings/,Easy,False
Arrays & Hashing,False,Can Place Flowers,https://leetcode.com/problems/can-place-flowers/,Easy,False
Arrays & Hashing,False,Majority Element,https://leetcode.com/problems/majority-element/,Easy,False
Arrays & Hashing,False,Next Greater Element I,https://leetcode.com/problems/next-greater-element-i/,Easy,False
Arrays & Hashing,False,Find Pivot Index,https://leetcode.com/problems/find-pivot-index/,Easy,False
Arrays & Hashing,False,Range Sum Query - Immutable,https://leetcode.com/problems/range-sum-query-immutable/,Easy,False
Arrays & Hashing,False,Find All Numbers Disappeared in An Array,https://leetcode.com/problems/find-all-numbers-disappeared-in-an-array/,Easy,False
Arrays & Hashing,False,Maximum Number of Balloons,https://leetcode.com/problems/maximum-number-of-balloons/,Easy,False
Arrays & Hashing,False,Word Pattern,https://leetcode.com/problems/word-pattern/,Easy,False
Arrays & Hashing,False,Design HashSet,https://leetcode.com/problems/design-hashset/,Easy,False
Arrays & Hashing,False,Design HashMap,https://leetcode.com/problems/design-hashmap/,Easy,False
Arrays & Hashing,False,Monotonic Array,https://leetcode.com/problems/monotonic-array,Easy,True
Arrays & Hashing,False,Number of Good Pairs,https://leetcode.com/problems/number-of-good-pairs,Easy,False
Arrays & Hashing,False,Pascal's Triangle II,https://leetcode.com/problems/pascals-triangle-ii,Easy,False
Arrays & Hashing,False,Find Words That Can Be Formed by Characters,https://leetcode.com/problems/find-words-that-can-be-formed-by-characters,Easy,False
Arrays & Hashing,False,Largest 3-Same-Digit Number in String,https://leetcode.com/problems/largest-3-same-digit-number-in-string,Easy,False
Arrays & Hashing,False,Destination City,https://leetcode.com/problems/destination-city,Easy,False
Arrays & Hashing,False,Maximum Product Difference Between Two,https://leetcode.com/problems/maximum-product-difference-between-two-pairs,Easy,False
Arrays & Hashing,False,Maximum Score After Splitting a String,https://leetcode.com/problems/maximum-score-after-splitting-a-string,Easy,False
Arrays & Hashing,False,Path Crossing,https://leetcode.com/problems/path-crossing,Easy,False
Arrays & Hashing,False,Minimum Changes To Make Alternating Binary String,https://leetcode.com/problems/minimum-changes-to-make-alternating-binary-string,Easy,False
Arrays & Hashing,False,Redistribute Characters to Make All Strings Equal,https://leetcode.com/problems/redistribute-characters-to-make-all-strings-equal,Easy,False
Arrays & Hashing,False,Largest Substring Between Two Equal Characters,https://leetcode.com/problems/largest-substring-between-two-equal-characters,Easy,False
Arrays & Hashing,False,Set Mismatch,https://leetcode.com/problems/set-mismatch,Easy,False
Arrays & Hashing,False,First Unique Character in a String,https://leetcode.com/problems/first-unique-character-in-a-string,Easy,False
Arrays & Hashing,False,Intersection of Two Arrays,https://leetcode.com/problems/intersection-of-two-arrays,Easy,False
Arrays & Hashing,False,Number of Students Unable to Eat Lunch,https://leetcode.com/problems/number-of-students-unable-to-eat-lunch/,Easy,False
Arrays & Hashing,False,Time Needed to Buy Tickets,https://leetcode.com/problems/time-needed-to-buy-tickets,Easy,False
Arrays & Hashing,False,Special Array with X Elements Greater than or Equal X,https://leetcode.com/problems/special-array-with-x-elements-greater-than-or-equal-x,Easy,False
Arrays & Hashing,False,Sort an Array,https://leetcode.com/problems/sort-an-array/,Medium,False
Arrays & Hashing,True,Top K Frequent Elements,/problems/top-k-elements-in-list,Medium,True
Arrays & Hashing,True,Encode and Decode Strings,/problems/string-encode-and-decode,Medium,True
Arrays & Hashing,True,Product of Array Except Self,/problems/products-of-array-discluding-self,Medium,True
Arrays & Hashing,True,Valid Sudoku,/problems/valid-sudoku,Medium,True
Arrays & Hashing,True,Longest Consecutive Sequence,/problems/longest-consecutive-sequence,Medium,True
Arrays & Hashing,False,Sort Colors,https://leetcode.com/problems/sort-colors/,Medium,False
Arrays & Hashing,False,Encode and Decode TinyURL,https://leetcode.com/problems/encode-and-decode-tinyurl/,Medium,False
Arrays & Hashing,False,Brick Wall,https://leetcode.com/problems/brick-wall/,Medium,False
Arrays & Hashing,False,Best Time to Buy And Sell Stock II,https://leetcode.com/problems/best-time-to-buy-and-sell-stock-ii/,Medium,False
Arrays & Hashing,False,Subarray Sum Equals K,https://leetcode.com/problems/subarray-sum-equals-k/,Medium,False
Arrays & Hashing,False,Unique Length 3 Palindromic Subsequences,https://leetcode.com/problems/unique-length-3-palindromic-subsequences/,Medium,False
Arrays & Hashing,False,Minimum Number of Swaps to Make The String Balanced,https://leetcode.com/problems/minimum-number-of-swaps-to-make-the-string-balanced/,Medium,False
Arrays & Hashing,False,Number of Pairs of Interchangeable Rectangles,https://leetcode.com/problems/number-of-pairs-of-interchangeable-rectangles/,Medium,False
Arrays & Hashing,False,Maximum Product of The Length of Two Palindromic Subsequences,https://leetcode.com/problems/maximum-product-of-the-length-of-two-palindromic-subsequences/,Medium,False
Arrays & Hashing,False,Grid Game,https://leetcode.com/problems/grid-game/,Medium,False
Arrays & Hashing,False,Find All Anagrams in a String,https://leetcode.com/problems/find-all-anagrams-in-a-string/,Medium,False
Arrays & Hashing,False,Find The Index of The First Occurrence in a String,https://leetcode.com/problems/find-the-index-of-the-first-occurrence-in-a-string/,Easy,False
Arrays & Hashing,False,Wiggle Sort,/problems/https:/www.lintcode.com/problem/508,Medium,False
Arrays & Hashing,False,Largest Number,https://leetcode.com/problems/largest-number/,Medium,False
Arrays & Hashing,False,Continuous Subarray Sum,https://leetcode.com/problems/continuous-subarray-sum/,Medium,False
Arrays & Hashing,False,Push Dominoes,https://leetcode.com/problems/push-dominoes/,Medium,True
Arrays & Hashing,False,Repeated DNA Sequences,https://leetcode.com/problems/repeated-dna-sequences/,Medium,False
Arrays & Hashing,False,Insert Delete Get Random O(1),https://leetcode.com/problems/insert-delete-getrandom-o1/,Medium,False
Arrays & Hashing,False,Check if a String Contains all Binary Codes of Size K,https://leetcode.com/problems/check-if-a-string-contains-all-binary-codes-of-size-k/,Medium,False
Arrays & Hashing,False,Range Sum Query 2D Immutable,https://leetcode.com/problems/range-sum-query-2d-immutable/,Medium,False
Arrays & Hashing,False,Non Decreasing Array,https://leetcode.com/problems/non-decreasing-array/,Medium,False
Arrays & Hashing,False,First Missing Positive,https://leetcode.com/problems/first-missing-positive/,Hard,False
Arrays & Hashing,False,Sign of An Array,https://leetcode.com/problems/sign-of-the-product-of-an-array/,Easy,False
Arrays & Hashing,False,Find the Difference of Two Arrays,https://leetcode.com/problems/find-the-difference-of-two-arrays/,Easy,False
Arrays & Hashing,False,Design Parking System,https://leetcode.com/problems/design-parking-system/,Easy,False
Arrays & Hashing,False,Number of Zero-Filled Subarrays,https://leetcode.com/problems/number-of-zero-filled-subarrays/,Medium,False
Arrays & Hashing,False,Optimal Partition of String,https://leetcode.com/problems/optimal-partition-of-string/,Medium,False
Arrays & Hashing,False,Design Underground System,https://leetcode.com/problems/design-underground-system/,Medium,False
Arrays & Hashing,False,Minimum Penalty for a Shop,https://leetcode.com/problems/minimum-penalty-for-a-shop/,Medium,False
Arrays & Hashing,False,Champagne Tower,https://leetcode.com/problems/champagne-tower,Medium,False
Arrays & Hashing,False,Majority Element II,https://leetcode.com/problems/majority-element-ii,Medium,True
Arrays & Hashing,False,Sum of Absolute Differences in a Sorted Array,https://leetcode.com/problems/sum-of-absolute-differences-in-a-sorted-array,Medium,False
Arrays & Hashing,False,Design a Food Rating System,https://leetcode.com/problems/design-a-food-rating-system,Medium,False
Arrays & Hashing,False,Convert an Array Into a 2D Array With Conditions,https://leetcode.com/problems/convert-an-array-into-a-2d-array-with-conditions,Medium,False
Arrays & Hashing,False,Minimum Numbers of Operations to Make Array Empty,https://leetcode.com/problems/minimum-number-of-operations-to-make-array-empty,Medium,False
Arrays & Hashing,False,Divide Array Into Arrays With Max Difference,https://leetcode.com/problems/divide-array-into-arrays-with-max-difference,Medium,False
Arrays & Hashing,False,Sequential Digits,https://leetcode.com/problems/sequential-digits,Medium,False
Arrays & Hashing,False,Sort Characters By Frequency,https://leetcode.com/problems/sort-characters-by-frequency,Medium,False
Arrays & Hashing,False,Find Polygon with the Largest Perimeter,https://leetcode.com/problems/find-polygon-with-the-largest-perimeter,Medium,False
Arrays & Hashing,False,Minimum Remove to Make Valid Parentheses,https://leetcode.com/problems/minimum-remove-to-make-valid-parentheses,Medium,False
Arrays & Hashing,False,Contiguous Array,https://leetcode.com/problems/contiguous-array,Medium,False
Arrays & Hashing,False,Find All Duplicates in an Array,https://leetcode.com/problems/find-all-duplicates-in-an-array,Medium,False
Arrays & Hashing,False,Text Justification,https://leetcode.com/problems/text-justification/,Hard,False
Arrays & Hashing,False,Naming a Company,https://leetcode.com/problems/naming-a-company/,Hard,False
Arrays & Hashing,False,Number of Submatrices that Sum to Target,https://leetcode.com/problems/number-of-submatrices-that-sum-to-target,Hard,False
Two Pointers,True,Valid Palindrome,/problems/is-palindrome,Easy,True
Two Pointers,False,Valid Palindrome II,https://leetcode.com/problems/valid-palindrome-ii/,Easy,False
Two Pointers,False,Minimum Difference Between Highest And Lowest of K Scores,https://leetcode.com/problems/minimum-difference-between-highest-and-lowest-of-k-scores/,Easy,False
Two Pointers,False,Merge Strings Alternately,https://leetcode.com/problems/merge-strings-alternately/,Easy,False
Two Pointers,False,Reverse String,https://leetcode.com/problems/reverse-string/,Easy,False
Two Pointers,False,Merge Sorted Array,https://leetcode.com/problems/merge-sorted-array/,Easy,False
Two Pointers,False,Move Zeroes,https://leetcode.com/problems/move-zeroes/,Easy,False
Two Pointers,False,Remove Duplicates From Sorted Array,https://leetcode.com/problems/remove-duplicates-from-sorted-array/,Easy,False
Two Pointers,False,Assign Cookies,https://leetcode.com/problems/assign-cookies,Easy,False
Two Pointers,False,Find First Palindromic String in the Array,https://leetcode.com/problems/find-first-palindromic-string-in-the-array,Easy,False
Two Pointers,False,Sort Array by Parity,https://leetcode.com/problems/sort-array-by-parity,Easy,False
Two Pointers,False,Reverse Words in a String III,https://leetcode.com/problems/reverse-words-in-a-string-iii,Easy,False
Two Pointers,False,Backspace String Compare,https://leetcode.com/problems/backspace-string-compare,Easy,False
Two Pointers,False,Check If Two String Arrays are Equivalent,https://leetcode.com/problems/check-if-two-string-arrays-are-equivalent,Easy,False
Two Pointers,False,Remove Duplicates From Sorted Array II,https://leetcode.com/problems/remove-duplicates-from-sorted-array-ii/,Medium,False
Two Pointers,True,Two Sum II Input Array Is Sorted,/problems/two-integer-sum-ii,Medium,True
Two Pointers,True,3Sum,/problems/three-integer-sum,Medium,True
Two Pointers,False,4Sum,https://leetcode.com/problems/4sum/,Medium,False
Two Pointers,True,Container With Most Water,/problems/max-water-container,Medium,True
Two Pointers,False,Number of Subsequences That Satisfy The Given Sum Condition,https://leetcode.com/problems/number-of-subsequences-that-satisfy-the-given-sum-condition/,Medium,False
Two Pointers,False,Rotate Array,https://leetcode.com/problems/rotate-array/,Medium,False
Two Pointers,False,Array With Elements Not Equal to Average of Neighbors,https://leetcode.com/problems/array-with-elements-not-equal-to-average-of-neighbors/,Medium,False
Two Pointers,False,Boats to Save People,https://leetcode.com/problems/boats-to-save-people/,Medium,False
Two Pointers,False,K-th Symbol in Grammar,https://leetcode.com/problems/k-th-symbol-in-grammar,Medium,False
Two Pointers,False,Minimum Time To Make Rope Colorful,https://leetcode.com/problems/minimum-time-to-make-rope-colorful,Medium,False
Two Pointers,False,Rearrange Array Elements by Sign,https://leetcode.com/problems/rearrange-array-elements-by-sign,Medium,False
Two Pointers,False,Bag of Tokens,https://leetcode.com/problems/bag-of-tokens,Medium,False
Two Pointers,False,Minimum Length of String after Deleting Similar Ends,https://leetcode.com/problems/minimum-length-of-string-after-deleting-similar-ends,Medium,False
Two Pointers,False,Trapping Rain Water,/problems/trapping-rain-water,Hard,False
Sliding Window,True,Best Time to Buy And Sell Stock,/problems/buy-and-sell-crypto,Easy,True
Sliding Window,False,Contains Duplicate II,https://leetcode.com/problems/contains-duplicate-ii/,Easy,False
Sliding Window,False,Number of Sub Arrays of Size K and Avg Greater than or Equal to Threshold,https://leetcode.com/problems/number-of-sub-arrays-of-size-k-and-average-greater-than-or-equal-to-threshold/,Medium,False
Sliding Window,True,Longest Substring Without Repeating Characters,/problems/longest-substring-without-duplicates,Medium,True
Sliding Window,True,Longest Repeating Character Replacement,/problems/longest-repeating-substring-with-replacement,Medium,True
Sliding Window,True,Permutation In String,/problems/permutation-string,Medium,True
Sliding Window,False,Frequency of The Most Frequent Element,https://leetcode.com/problems/frequency-of-the-most-frequent-element/,Medium,False
Sliding Window,False,Fruits into Basket,https://leetcode.com/problems/fruit-into-baskets/,Medium,False
Sliding Window,False,Maximum Number of Vowels in a Substring of Given Length,https://leetcode.com/problems/maximum-number-of-vowels-in-a-substring-of-given-length/,Medium,False
Sliding Window,False,Minimum Number of Flips to Make The Binary String Alternating,https://leetcode.com/problems/minimum-number-of-flips-to-make-the-binary-string-alternating/,Medium,False
Sliding Window,False,Minimum Size Subarray Sum,https://leetcode.com/problems/minimum-size-subarray-sum/,Medium,False
Sliding Window,False,Find K Closest Elements,https://leetcode.com/problems/find-k-closest-elements/,Medium,False
Sliding Window,False,Minimum Operations to Reduce X to Zero,https://leetcode.com/problems/minimum-operations-to-reduce-x-to-zero/,Medium,False
Sliding Window,False,Get Equal Substrings Within Budget,https://leetcode.com/problems/get-equal-substrings-within-budget,Medium,False
Sliding Window,False,Binary Subarrays with Sum,https://leetcode.com/problems/binary-subarrays-with-sum,Medium,False
Sliding Window,False,Subarray Product Less Than K,https://leetcode.com/problems/subarray-product-less-than-k,Medium,False
Sliding Window,False,Length of Longest Subarray With at Most K Frequency,https://leetcode.com/problems/length-of-longest-subarray-with-at-most-k-frequency,Medium,False
Sliding Window,False,Count Subarrays Where Max Element Appears at Least K Times,https://leetcode.com/problems/count-subarrays-where-max-element-appears-at-least-k-times,Medium,False
Sliding Window,False,Minimum Window Substring,/problems/minimum-window-with-characters,Hard,False
Sliding Window,False,Sliding Window Maximum,/problems/sliding-window-maximum,Hard,False
Sliding Window,False,Subarrays with K Different Integers,https://leetcode.com/problems/subarrays-with-k-different-integers,Hard,False
Sliding Window,False,Minimum Number of Operations to Make Array Continuous,https://leetcode.com/problems/minimum-number-of-operations-to-make-array-continuous,Hard,False
Stack,True,Valid Parentheses,/problems/validate-parentheses,Easy,True
Stack,False,Baseball Game,https://leetcode.com/problems/baseball-game/,Easy,False
Stack,False,Implement Stack Using Queues,https://leetcode.com/problems/implement-stack-using-queues/,Easy,False
Stack,False,Implement Queue using Stacks,https://leetcode.com/problems/implement-queue-using-stacks,Easy,False
Stack,False,Make The String Great,https://leetcode.com/problems/make-the-string-great,Easy,False
Stack,True,Min Stack,/problems/minimum-stack,Medium,True
Stack,True,Evaluate Reverse Polish Notation,/problems/evaluate-reverse-polish-notation,Medium,True
Stack,False,Removing Stars From a String,https://leetcode.com/problems/removing-stars-from-a-string/,Medium,False
Stack,False,Validate Stack Sequences,https://leetcode.com/problems/validate-stack-sequences/,Medium,False
Stack,True,Generate Parentheses,/problems/generate-parentheses,Medium,True
Stack,False,Asteroid Collision,https://leetcode.com/problems/asteroid-collision/,Medium,False
Stack,True,Daily Temperatures,/problems/daily-temperatures,Medium,True
Stack,False,Online Stock Span,https://leetcode.com/problems/online-stock-span/,Medium,False
Stack,True,Car Fleet,/problems/car-fleet,Medium,True
Stack,False,Simplify Path,https://leetcode.com/problems/simplify-path/,Medium,False
Stack,False,Decode String,https://leetcode.com/problems/decode-string/,Medium,False
Stack,False,Remove K Digits,https://leetcode.com/problems/remove-k-digits/,Medium,False
Stack,False,Remove All Adjacent Duplicates In String II,https://leetcode.com/problems/remove-all-adjacent-duplicates-in-string-ii/,Medium,False
Stack,False,132 Pattern,https://leetcode.com/problems/132-pattern/,Medium,False
Stack,False,Flatten Nested List Iterator,https://leetcode.com/problems/flatten-nested-list-iterator,Medium,False
Stack,False,Sum of Subarray Minimums,https://leetcode.com/problems/sum-of-subarray-minimums,Medium,False
Stack,False,Maximum Frequency Stack,https://leetcode.com/problems/maximum-frequency-stack/,Hard,False
Stack,False,Largest Rectangle In Histogram,/problems/largest-rectangle-in-histogram,Hard,False
Binary Search,True,Binary Search,/problems/binary-search,Easy,True
Binary Search,False,Search Insert Position,https://leetcode.com/problems/search-insert-position/,Easy,False
Binary Search,False,Guess Number Higher Or Lower,https://leetcode.com/problems/guess-number-higher-or-lower/,Easy,False
Binary Search,False,Arranging Coins,https://leetcode.com/problems/arranging-coins/,Easy,False
Binary Search,False,Squares of a Sorted Array,https://leetcode.com/problems/squares-of-a-sorted-array/,Easy,False
Binary Search,False,Valid Perfect Square,https://leetcode.com/problems/valid-perfect-square/,Easy,False
Binary Search,False,Sqrt(x),https://leetcode.com/problems/sqrtx/,Easy,False
Binary Search,False,Single Element in a Sorted Array,https://leetcode.com/problems/single-element-in-a-sorted-array/,Medium,False
Binary Search,False,Capacity to Ship Packages,https://leetcode.com/problems/capacity-to-ship-packages-within-d-days/,Medium,False
Binary Search,False,Find Peak Element,https://leetcode.com/problems/find-peak-element/,Medium,False
Binary Search,False,Successful Pairs of Spells and Potions,https://leetcode.com/problems/successful-pairs-of-spells-and-potions/,Medium,False
Binary Search,True,Search a 2D Matrix,/problems/search-2d-matrix,Medium,True
Binary Search,True,Koko Eating Bananas,/problems/eating-bananas,Medium,True
Binary Search,False,Minimize the Maximum Difference of Pairs,https://leetcode.com/problems/minimize-the-maximum-difference-of-pairs/,Medium,False
Binary Search,True,Find Minimum In Rotated Sorted Array,/problems/find-minimum-in-rotated-sorted-array,Medium,True
Binary Search,True,Search In Rotated Sorted Array,/problems/find-target-in-rotated-sorted-array,Medium,True
Binary Search,False,Search In Rotated Sorted Array II,https://leetcode.com/problems/search-in-rotated-sorted-array-ii/,Medium,False
Binary Search,True,Time Based Key Value Store,/problems/time-based-key-value-store,Medium,True
Binary Search,False,Find First And Last Position of Element In Sorted Array,https://leetcode.com/problems/find-first-and-last-position-of-element-in-sorted-array/,Medium,False
Binary Search,False,Maximum Number of Removable Characters,https://leetcode.com/problems/maximum-number-of-removable-characters/,Medium,False
Binary Search,False,Populating Next Right Pointers In Each Node,https://leetcode.com/problems/populating-next-right-pointers-in-each-node/,Medium,False
Binary Search,False,Search Suggestions System,https://leetcode.com/problems/search-suggestions-system/,Medium,False
Binary Search,False,Split Array Largest Sum,https://leetcode.com/problems/split-array-largest-sum/,Hard,False
Binary Search,False,Median of Two Sorted Arrays,/problems/median-of-two-sorted-arrays,Hard,False
Binary Search,False,Find in Mountain Array,https://leetcode.com/problems/find-in-mountain-array,Hard,False
Linked List,True,Reverse Linked List,/problems/reverse-a-linked-list,Easy,True
Linked List,True,Merge Two Sorted Lists,/problems/merge-two-sorted-linked-lists,Easy,True
Linked List,False,Palindrome Linked List,https://leetcode.com/problems/palindrome-linked-list/,Easy,False
Linked List,False,Remove Linked List Elements,https://leetcode.com/problems/remove-linked-list-elements/,Easy,False
Linked List,False,Remove Duplicates From Sorted List,https://leetcode.com/problems/remove-duplicates-from-sorted-list/,Easy,False
Linked List,False,Middle of the Linked List,https://leetcode.com/problems/middle-of-the-linked-list/,Easy,False
Linked List,False,Intersection of Two Linked Lists,https://leetcode.com/problems/intersection-of-two-linked-lists/,Easy,False
Linked List,False,Merge in Between Linked Lists,https://leetcode.com/problems/merge-in-between-linked-lists,Medium,False
Linked List,False,Remove Nodes From Linked List,https://leetcode.com/problems/remove-nodes-from-linked-list,Medium,False
Linked List,True,Reorder List,/problems/reorder-linked-list,Medium,True
Linked List,False,Maximum Twin Sum Of A Linked List,https://leetcode.com/problems/maximum-twin-sum-of-a-linked-list/,Medium,False
Linked List,True,Remove Nth Node From End of List,/problems/remove-node-from-end-of-linked-list,Medium,True
Linked List,False,Swapping Nodes in a Linked List,https://leetcode.com/problems/swapping-nodes-in-a-linked-list/,Medium,False
Linked List,False,LFU Cache,https://leetcode.com/problems/lfu-cache/,Hard,False
Linked List,True,Copy List With Random Pointer,/problems/copy-linked-list-with-random-pointer,Medium,True
Linked List,False,Design Linked List,https://leetcode.com/problems/design-linked-list/,Medium,False
Linked List,False,Design Browser History,https://leetcode.com/problems/design-browser-history/,Medium,False
Linked List,True,Add Two Numbers,/problems/add-two-numbers,Medium,True
Linked List,True,Linked List Cycle,/problems/linked-list-cycle-detection,Easy,True
Linked List,True,Find The Duplicate Number,/problems/find-duplicate-integer,Medium,True
Linked List,False,Swap Nodes In Pairs,https://leetcode.com/problems/swap-nodes-in-pairs/,Medium,False
Linked List,False,Sort List,https://leetcode.com/problems/sort-list/,Medium,False
Linked List,False,Partition List,https://leetcode.com/problems/partition-list/,Medium,False
Linked List,False,Rotate List,https://leetcode.com/problems/rotate-list/,Medium,False
Linked List,False,Reverse Linked List II,https://leetcode.com/problems/reverse-linked-list-ii/,Medium,False
Linked List,False,Design Circular Queue,https://leetcode.com/problems/design-circular-queue/,Medium,False
Linked List,False,Insertion Sort List,https://leetcode.com/problems/insertion-sort-list/,Medium,False
Linked List,False,Split Linked List in Parts,https://leetcode.com/problems/split-linked-list-in-parts/,Medium,False
Linked List,True,LRU Cache,/problems/lru-cache,Medium,True
Linked List,False,Merge K Sorted Lists,/problems/merge-k-sorted-linked-lists,Hard,False
Linked List,False,Reverse Nodes In K Group,/problems/reverse-nodes-in-k-group,Hard,False
Trees,False,Binary Tree Inorder Traversal,https://leetcode.com/problems/binary-tree-inorder-traversal/,Easy,False
Trees,False,Binary Tree Preorder Traversal,https://leetcode.com/problems/binary-tree-preorder-traversal/,Easy,False
Trees,False,Binary Tree Postorder Traversal,https://leetcode.com/problems/binary-tree-postorder-traversal/,Easy,False
Trees,True,Invert Binary Tree,/problems/invert-a-binary-tree,Easy,True
Trees,True,Maximum Depth of Binary Tree,/problems/depth-of-binary-tree,Easy,True
Trees,True,Diameter of Binary Tree,/problems/binary-tree-diameter,Easy,True
Trees,True,Balanced Binary Tree,/problems/balanced-binary-tree,Easy,True
Trees,True,Same Tree,/problems/same-binary-tree,Easy,True
Trees,True,Subtree of Another Tree,/problems/subtree-of-a-binary-tree,Easy,True
Trees,False,Convert Sorted Array to Binary Search Tree,https://leetcode.com/problems/convert-sorted-array-to-binary-search-tree/,Easy,False
Trees,False,Merge Two Binary Trees,https://leetcode.com/problems/merge-two-binary-trees/,Easy,False
Trees,False,Path Sum,https://leetcode.com/problems/path-sum/,Easy,False
Trees,False,Range Sum of BST,https://leetcode.com/problems/range-sum-of-bst,Easy,False
Trees,False,Leaf-Similar Trees,https://leetcode.com/problems/leaf-similar-trees,Easy,False
Trees,False,Evaluate Boolean Binary Tree,https://leetcode.com/problems/evaluate-boolean-binary-tree,Easy,False
Trees,False,Construct String From Binary Tree,https://leetcode.com/problems/construct-string-from-binary-tree/,Medium,False
Trees,True,Lowest Common Ancestor of a Binary Search Tree,/problems/lowest-common-ancestor-in-binary-search-tree,Medium,True
Trees,False,Insert into a Binary Search Tree,https://leetcode.com/problems/insert-into-a-binary-search-tree/,Medium,False
Trees,False,Delete Node in a BST,https://leetcode.com/problems/delete-node-in-a-bst/,Medium,False
Trees,True,Binary Tree Level Order Traversal,/problems/level-order-traversal-of-binary-tree,Medium,True
Trees,True,Binary Tree Right Side View,/problems/binary-tree-right-side-view,Medium,True
Trees,False,Minimum Distance between BST Nodes,https://leetcode.com/problems/minimum-distance-between-bst-nodes/,Easy,True
Trees,False,Symmetric Tree,https://leetcode.com/problems/symmetric-tree/,Easy,False
Trees,False,Minimum Time to Collect All Apples in a Tree,https://leetcode.com/problems/minimum-time-to-collect-all-apples-in-a-tree/,Medium,False
Trees,False,Binary Tree Zigzag Level Order Traversal,https://leetcode.com/problems/binary-tree-zigzag-level-order-traversal/,Medium,False
Trees,False,Construct Quad Tree,https://leetcode.com/problems/construct-quad-tree/,Medium,False
Trees,False,Find Duplicate Subtrees,https://leetcode.com/problems/find-duplicate-subtrees/,Medium,False
Trees,False,Check Completeness of a Binary Tree,https://leetcode.com/problems/check-completeness-of-a-binary-tree/,Medium,False
Trees,False,Construct Binary Tree from Inorder and Postorder Traversal,https://leetcode.com/problems/construct-binary-tree-from-inorder-and-postorder-traversal/,Medium,False
Trees,False,Maximum Width of Binary Tree,https://leetcode.com/problems/maximum-width-of-binary-tree/,Medium,False
Trees,False,Time Needed to Inform All Employees,https://leetcode.com/problems/time-needed-to-inform-all-employees/,Medium,False
Trees,True,Count Good Nodes In Binary Tree,/problems/count-good-nodes-in-binary-tree,Medium,True
Trees,True,Validate Binary Search Tree,/problems/valid-binary-search-tree,Medium,True
Trees,True,Kth Smallest Element In a Bst,/problems/kth-smallest-integer-in-bst,Medium,True
Trees,True,Construct Binary Tree From Preorder And Inorder Traversal,/problems/binary-tree-from-preorder-and-inorder-traversal,Medium,True
Trees,False,Unique Binary Search Trees,https://leetcode.com/problems/unique-binary-search-trees/,Medium,False
Trees,False,Unique Binary Search Trees II,https://leetcode.com/problems/unique-binary-search-trees-ii/,Medium,False
Trees,False,Sum Root to Leaf Numbers,https://leetcode.com/problems/sum-root-to-leaf-numbers/,Medium,False
Trees,False,House Robber III,https://leetcode.com/problems/house-robber-iii/,Medium,False
Trees,False,Flip Equivalent Binary Trees,https://leetcode.com/problems/flip-equivalent-binary-trees/,Medium,False
Trees,False,Operations On Tree,https://leetcode.com/problems/operations-on-tree/,Medium,False
Trees,False,All Possible Full Binary Trees,https://leetcode.com/problems/all-possible-full-binary-trees/,Medium,False
Trees,False,Find Bottom Left Tree Value,https://leetcode.com/problems/find-bottom-left-tree-value/,Medium,False
Trees,False,Trim a Binary Search Tree,https://leetcode.com/problems/trim-a-binary-search-tree/,Medium,False
Trees,False,Binary Search Tree Iterator,https://leetcode.com/problems/binary-search-tree-iterator/,Medium,False
Trees,False,Validate Binary Tree Nodes,https://leetcode.com/problems/validate-binary-tree-nodes,Medium,False
Trees,False,Find Largest Value in Tree Row,https://leetcode.com/problems/find-largest-value-in-each-tree-row,Medium,False
Trees,False,Pseudo-Palindromic Paths in a Binary Tree,https://leetcode.com/problems/pseudo-palindromic-paths-in-a-binary-tree,Medium,False
Trees,False,Even Odd Tree,https://leetcode.com/problems/even-odd-tree,Medium,False
Trees,False,Smallest String Starting From Leaf,https://leetcode.com/problems/smallest-string-starting-from-leaf,Medium,True
Trees,False,Delete Leaves With a Given Value,https://leetcode.com/problems/delete-leaves-with-a-given-value,Medium,False
Trees,True,Distribute Coins in Binary Tree,https://leetcode.com/problems/distribute-coins-in-binary-tree,Medium,True
Trees,False,Convert Bst to Greater Tree,https://leetcode.com/problems/convert-bst-to-greater-tree/,Medium,False
Trees,False,Binary Tree Maximum Path Sum,/problems/binary-tree-maximum-path-sum,Hard,False
Trees,False,Serialize And Deserialize Binary Tree,/problems/serialize-and-deserialize-binary-tree,Hard,False
Heap / Priority Queue,True,Kth Largest Element In a Stream,/problems/kth-largest-integer-in-a-stream,Easy,True
Heap / Priority Queue,True,Last Stone Weight,/problems/last-stone-weight,Easy,True
Heap / Priority Queue,True,K Closest Points to Origin,/problems/k-closest-points-to-origin,Medium,True
Heap / Priority Queue,True,Kth Largest Element In An Array,/problems/kth-largest-element-in-an-array,Medium,True
Heap / Priority Queue,True,Task Scheduler,/problems/task-scheduling,Medium,True
Heap / Priority Queue,True,Design Twitter,/problems/design-twitter-feed,Medium,True
Heap / Priority Queue,False,Least Number of Unique Integers after K Removal,https://leetcode.com/problems/least-number-of-unique-integers-after-k-removals,Medium,False
Heap / Priority Queue,False,Furthest Building You Can Reach,https://leetcode.com/problems/furthest-building-you-can-reach,Medium,False
Heap / Priority Queue,False,Minimize Deviation in Array,https://leetcode.com/problems/minimize-deviation-in-array/,Hard,False
Heap / Priority Queue,False,Maximum Subsequence Score,https://leetcode.com/problems/maximum-subsequence-score/,Medium,False
Heap / Priority Queue,False,Single Threaded Cpu,https://leetcode.com/problems/single-threaded-cpu/,Medium,False
Heap / Priority Queue,False,Seat Reservation Manager,https://leetcode.com/problems/seat-reservation-manager/,Medium,False
Heap / Priority Queue,False,Process Tasks Using Servers,https://leetcode.com/problems/process-tasks-using-servers/,Medium,False
Heap / Priority Queue,False,Find The Kth Largest Integer In The Array,https://leetcode.com/problems/find-the-kth-largest-integer-in-the-array/,Medium,False
Heap / Priority Queue,False,Reorganize String,https://leetcode.com/problems/reorganize-string/,Medium,False
Heap / Priority Queue,False,Longest Happy String,https://leetcode.com/problems/longest-happy-string/,Medium,False
Heap / Priority Queue,False,Car Pooling,https://leetcode.com/problems/car-pooling/,Medium,False
Heap / Priority Queue,False,Find Median From Data Stream,/problems/find-median-in-a-data-stream,Hard,False
Heap / Priority Queue,False,Maximum Performance of a Team,https://leetcode.com/problems/maximum-performance-of-a-team/,Hard,False
Heap / Priority Queue,False,IPO,https://leetcode.com/problems/ipo/,Hard,False
Heap / Priority Queue,False,Minimum Cost to Hire K Workers,https://leetcode.com/problems/minimum-cost-to-hire-k-workers,Hard,False
Heap / Priority Queue,False,Number of Flowers in Full Bloom,https://leetcode.com/problems/number-of-flowers-in-full-bloom,Hard,False
Heap / Priority Queue,False,Constrained Subsequence Sum,https://leetcode.com/problems/constrained-subsequence-sum,Hard,False
Backtracking,False,Sum of All Subsets XOR Total,https://leetcode.com/problems/sum-of-all-subset-xor-totals,Easy,False
Backtracking,True,Subsets,/problems/subsets,Medium,True
Backtracking,True,Combination Sum,/problems/combination-target-sum,Medium,True
Backtracking,False,Combinations,https://leetcode.com/problems/combinations/,Medium,False
Backtracking,True,Permutations,/problems/permutations,Medium,True
Backtracking,True,Subsets II,/problems/subsets-ii,Medium,True
Backtracking,True,Combination Sum II,/problems/combination-target-sum-ii,Medium,True
Backtracking,False,Permutations II,https://leetcode.com/problems/permutations-ii/,Medium,False
Backtracking,True,Word Search,/problems/search-for-word,Medium,True
Backtracking,True,Palindrome Partitioning,/problems/palindrome-partitioning,Medium,True
Backtracking,False,Restore IP Addresses,https://leetcode.com/problems/restore-ip-addresses/,Medium,False
Backtracking,True,Letter Combinations of a Phone Number,/problems/combinations-of-a-phone-number,Medium,True
Backtracking,False,Matchsticks to Square,https://leetcode.com/problems/matchsticks-to-square/,Medium,False
Backtracking,False,Splitting a String Into Descending Consecutive Values,https://leetcode.com/problems/splitting-a-string-into-descending-consecutive-values/,Medium,False
Backtracking,False,Find Unique Binary String,https://leetcode.com/problems/find-unique-binary-string/,Medium,False
Backtracking,False,Maximum Length of a Concatenated String With Unique Characters,https://leetcode.com/problems/maximum-length-of-a-concatenated-string-with-unique-characters/,Medium,False
Backtracking,False,Partition to K Equal Sum Subsets,https://leetcode.com/problems/partition-to-k-equal-sum-subsets/,Medium,False
Backtracking,False,The Number of Beautiful Subsets,https://leetcode.com/problems/the-number-of-beautiful-subsets,Medium,False
Backtracking,False,N Queens,/problems/n-queens,Hard,False
Backtracking,False,N Queens II,https://leetcode.com/problems/n-queens-ii/,Hard,False
Backtracking,False,Maximum Score Words Formed By Letters,https://leetcode.com/problems/maximum-score-words-formed-by-letters,Hard,False
Backtracking,False,Word Break II,https://leetcode.com/problems/word-break-ii,Hard,False
Tries,True,Implement Trie Prefix Tree,/problems/implement-prefix-tree,Medium,True
Tries,False,Design Add And Search Words Data Structure,/problems/design-word-search-data-structure,Medium,False
Tries,False,Extra Characters in a String,https://leetcode.com/problems/extra-characters-in-a-string/,Medium,False
Tries,False,Word Search II,/problems/search-for-word-ii,Hard,False
Graphs,False,Island Perimeter,https://leetcode.com/problems/island-perimeter/,Easy,False
Graphs,False,Verifying An Alien Dictionary,https://leetcode.com/problems/verifying-an-alien-dictionary/,Easy,False
Graphs,False,Find the Town Judge,https://leetcode.com/problems/find-the-town-judge,Easy,False
Graphs,True,Number of Islands,/problems/count-number-of-islands,Medium,True
Graphs,True,Max Area of Island,/problems/max-area-of-island,Medium,True
Graphs,True,Clone Graph,/problems/clone-graph,Medium,True
Graphs,True,Walls And Gates,/problems/islands-and-treasure,Medium,True
Graphs,True,Rotting Oranges,/problems/rotting-fruit,Medium,True
Graphs,False,Count Sub Islands,https://leetcode.com/problems/count-sub-islands/,Medium,False
Graphs,True,Pacific Atlantic Water Flow,/problems/pacific-atlantic-water-flow,Medium,True
Graphs,True,Surrounded Regions,/problems/surrounded-regions,Medium,True
Graphs,False,Reorder Routes to Make All Paths Lead to The City Zero,https://leetcode.com/problems/reorder-routes-to-make-all-paths-lead-to-the-city-zero/,Medium,False
Graphs,False,Snakes And Ladders,https://leetcode.com/problems/snakes-and-ladders/,Medium,False
Graphs,False,Open The Lock,https://leetcode.com/problems/open-the-lock/,Medium,False
Graphs,False,Find Eventual Safe States,https://leetcode.com/problems/find-eventual-safe-states/,Medium,False
Graphs,True,Course Schedule,/problems/course-schedule,Medium,True
Graphs,True,Course Schedule II,/problems/course-schedule-ii,Medium,True
Graphs,True,Graph Valid Tree,/problems/valid-tree,Medium,True
Graphs,False,Course Schedule IV,https://leetcode.com/problems/course-schedule-iv/,Medium,False
Graphs,False,Check if Move Is Legal,https://leetcode.com/problems/check-if-move-is-legal/,Medium,False
Graphs,False,Shortest Bridge,https://leetcode.com/problems/shortest-bridge/,Medium,False
Graphs,False,Shortest Path in Binary Matrix,https://leetcode.com/problems/shortest-path-in-binary-matrix/,Medium,False
Graphs,True,Number of Connected Components In An Undirected Graph,/problems/count-connected-components,Medium,True
Graphs,True,Redundant Connection,/problems/redundant-connection,Medium,True
Graphs,False,Accounts Merge,https://leetcode.com/problems/accounts-merge/,Medium,False
Graphs,False,Find Closest Node to Given Two Nodes,https://leetcode.com/problems/find-closest-node-to-given-two-nodes/,Medium,False
Graphs,False,As Far from Land as Possible,https://leetcode.com/problems/as-far-from-land-as-possible/,Medium,False
Graphs,False,Shortest Path with Alternating Colors,https://leetcode.com/problems/shortest-path-with-alternating-colors/,Medium,False
Graphs,False,Minimum Fuel Cost to Report to the Capital,https://leetcode.com/problems/minimum-fuel-cost-to-report-to-the-capital/,Medium,False
Graphs,False,Minimum Score of a Path Between Two Cities,https://leetcode.com/problems/minimum-score-of-a-path-between-two-cities/,Medium,False
Graphs,False,Number of Closed Islands,https://leetcode.com/problems/number-of-closed-islands/,Medium,False
Graphs,False,Number of Enclaves,https://leetcode.com/problems/number-of-enclaves/,Medium,False
Graphs,False,Minimum Number of Vertices to Reach all Nodes,https://leetcode.com/problems/minimum-number-of-vertices-to-reach-all-nodes/,Medium,False
Graphs,False,Is Graph Bipartite?,https://leetcode.com/problems/is-graph-bipartite/,Medium,False
Graphs,False,Evaluate Division,https://leetcode.com/problems/evaluate-division/,Medium,False
Graphs,False,Detonate the Maximum Bombs,https://leetcode.com/problems/detonate-the-maximum-bombs/,Medium,False
Graphs,False,Minimum Height Trees,https://leetcode.com/problems/minimum-height-trees,Medium,False
Graphs,False,Path with Maximum Gold,https://leetcode.com/problems/path-with-maximum-gold,Medium,False
Graphs,False,Largest Color Value in a Directed Graph,https://leetcode.com/problems/largest-color-value-in-a-directed-graph/,Hard,False
Graphs,False,Minimum Number of Days to Eat N Oranges,https://leetcode.com/problems/minimum-number-of-days-to-eat-n-oranges/,Hard,False
Graphs,False,Parallel Courses III,https://leetcode.com/problems/parallel-courses-iii,Hard,False
Graphs,False,Find All People With Secret,https://leetcode.com/problems/find-all-people-with-secret,Hard,False
Graphs,False,Word Ladder,/problems/word-ladder,Hard,False
Advanced Graphs,False,Path with Minimum Effort,https://leetcode.com/problems/path-with-minimum-effort/,Medium,False
Advanced Graphs,False,Reconstruct Itinerary,/problems/reconstruct-flight-path,Hard,False
Advanced Graphs,False,Min Cost to Connect All Points,/problems/min-cost-to-connect-points,Medium,False
Advanced Graphs,False,Network Delay Time,/problems/network-delay-time,Medium,False
Advanced Graphs,False,Path with Maximum Probability,https://leetcode.com/problems/path-with-maximum-probability/,Medium,False
Advanced Graphs,False,Find the Safest Path in a Grid,https://leetcode.com/problems/find-the-safest-path-in-a-grid,Medium,False
Advanced Graphs,False,Swim In Rising Water,/problems/swim-in-rising-water,Hard,False
Advanced Graphs,False,Alien Dictionary,/problems/foreign-dictionary,Hard,False
Advanced Graphs,False,Cheapest Flights Within K Stops,/problems/cheapest-flight-path,Medium,False
Advanced Graphs,False,Number of Good Paths,https://leetcode.com/problems/number-of-good-paths/,Hard,False
Advanced Graphs,False,Remove Max Number of Edges to Keep Graph Fully Traversable,https://leetcode.com/problems/remove-max-number-of-edges-to-keep-graph-fully-traversable/,Hard,False
Advanced Graphs,False,Find Critical and Pseudo Critical Edges in Minimum Spanning Tree,https://leetcode.com/problems/find-critical-and-pseudo-critical-edges-in-minimum-spanning-tree/,Hard,False
Advanced Graphs,False,Greatest Common Divisor Traversal,https://leetcode.com/problems/greatest-common-divisor-traversal,Hard,False
1-D Dynamic Programming,True,Climbing Stairs,/problems/climbing-stairs,Easy,True
1-D Dynamic Programming,True,Min Cost Climbing Stairs,/problems/min-cost-climbing-stairs,Easy,True
1-D Dynamic Programming,True,House Robber,/problems/house-robber,Medium,True
1-D Dynamic Programming,True,House Robber II,/problems/house-robber-ii,Medium,True
1-D Dynamic Programming,False,Longest Palindromic Substring,/problems/longest-palindromic-substring,Medium,False
1-D Dynamic Programming,False,Palindromic Substrings,/problems/palindromic-substrings,Medium,False
1-D Dynamic Programming,False,Decode Ways,/problems/decode-ways,Medium,False
1-D Dynamic Programming,True,Coin Change,/problems/coin-change,Medium,True
1-D Dynamic Programming,False,Maximum Product Subarray,/problems/maximum-product-subarray,Medium,False
1-D Dynamic Programming,False,Word Break,/problems/word-break,Medium,False
1-D Dynamic Programming,False,Longest Increasing Subsequence,/problems/longest-increasing-subsequence,Medium,False
1-D Dynamic Programming,False,Partition Equal Subset Sum,/problems/partition-equal-subset-sum,Medium,False
1-D Dynamic Programming,False,Triangle,https://leetcode.com/problems/triangle/,Medium,False
1-D Dynamic Programming,False,Delete And Earn,https://leetcode.com/problems/delete-and-earn/,Medium,False
1-D Dynamic Programming,False,Paint House,https://leetcode.com/problems/paint-house/,Medium,False
1-D Dynamic Programming,False,Combination Sum IV,https://leetcode.com/problems/combination-sum-iv/,Medium,False
1-D Dynamic Programming,False,Perfect Squares,https://leetcode.com/problems/perfect-squares/,Medium,False
1-D Dynamic Programming,False,Check if There is a Valid Partition For The Array,https://leetcode.com/problems/check-if-there-is-a-valid-partition-for-the-array/,Medium,False
1-D Dynamic Programming,False,Maximum Subarray Min Product,https://leetcode.com/problems/maximum-subarray-min-product/,Medium,False
1-D Dynamic Programming,False,Minimum Cost For Tickets,https://leetcode.com/problems/minimum-cost-for-tickets/,Medium,False
1-D Dynamic Programming,False,Integer Break,https://leetcode.com/problems/integer-break/,Medium,False
1-D Dynamic Programming,False,Number of Longest Increasing Subsequence,https://leetcode.com/problems/number-of-longest-increasing-subsequence/,Medium,False
1-D Dynamic Programming,False,Stickers to Spell Word,https://leetcode.com/problems/stickers-to-spell-word/,Hard,False
1-D Dynamic Programming,False,N-th Tribonacci Number,https://leetcode.com/problems/n-th-tribonacci-number/,Easy,False
1-D Dynamic Programming,False,Uncrossed Lines,https://leetcode.com/problems/uncrossed-lines/,Medium,False
1-D Dynamic Programming,False,Solving Questions With Brainpower,https://leetcode.com/problems/solving-questions-with-brainpower/,Medium,False
1-D Dynamic Programming,False,Count Ways to Build Good Strings,https://leetcode.com/problems/count-ways-to-build-good-strings/,Medium,False
1-D Dynamic Programming,False,New 21 Game,https://leetcode.com/problems/new-21-game/,Medium,False
1-D Dynamic Programming,False,Best Team with no Conflicts,https://leetcode.com/problems/best-team-with-no-conflicts/,Medium,False
1-D Dynamic Programming,False,Longest String Chain,https://leetcode.com/problems/longest-string-chain,Medium,False
1-D Dynamic Programming,False,Knight Dialer,https://leetcode.com/problems/knight-dialer,Medium,False
1-D Dynamic Programming,False,Partition Array for Maximum Sum,https://leetcode.com/problems/partition-array-for-maximum-sum,Medium,False
1-D Dynamic Programming,False,Largest Divisible Subset,https://leetcode.com/problems/largest-divisible-subset,Medium,False
1-D Dynamic Programming,False,Stone Game III,https://leetcode.com/problems/stone-game-iii/,Hard,False
1-D Dynamic Programming,False,Concatenated Words,https://leetcode.com/problems/concatenated-words/,Hard,False
1-D Dynamic Programming,False,Maximize Score after N Operations,https://leetcode.com/problems/maximize-score-after-n-operations/,Hard,False
1-D Dynamic Programming,False,Find the Longest Valid Obstacle Course at Each Position,https://leetcode.com/problems/find-the-longest-valid-obstacle-course-at-each-position/,Hard,False
1-D Dynamic Programming,False,Count all Valid Pickup and Delivery Options,https://leetcode.com/problems/count-all-valid-pickup-and-delivery-options/,Hard,False
1-D Dynamic Programming,False,Number of Ways to Divide a Long Corridor,https://leetcode.com/problems/number-of-ways-to-divide-a-long-corridor,Hard,False
1-D Dynamic Programming,False,Maximum Profit in Job Scheduling,https://leetcode.com/problems/maximum-profit-in-job-scheduling,Hard,False
1-D Dynamic Programming,False,Student Attendance Record II,https://leetcode.com/problems/student-attendance-record-ii,Hard,False
2-D Dynamic Programming,False,Unique Paths,/problems/count-paths,Medium,False
2-D Dynamic Programming,False,Unique Paths II,https://leetcode.com/problems/unique-paths-ii/,Medium,False
2-D Dynamic Programming,False,Longest Common Subsequence,/problems/longest-common-subsequence,Medium,False
2-D Dynamic Programming,False,Longest Palindromic Subsequence,https://leetcode.com/problems/longest-palindromic-subsequence/,Medium,False
2-D Dynamic Programming,False,Last Stone Weight II,https://leetcode.com/problems/last-stone-weight-ii/,Medium,False
2-D Dynamic Programming,False,Best Time to Buy And Sell Stock With Cooldown,/problems/buy-and-sell-crypto-with-cooldown,Medium,False
2-D Dynamic Programming,False,Coin Change II,/problems/coin-change-ii,Medium,False
2-D Dynamic Programming,False,Target Sum,/problems/target-sum,Medium,False
2-D Dynamic Programming,False,Interleaving String,/problems/interleaving-string,Medium,False
2-D Dynamic Programming,False,Stone Game,https://leetcode.com/problems/stone-game/,Medium,False
2-D Dynamic Programming,False,Minimum Path Sum,https://leetcode.com/problems/minimum-path-sum/,Medium,False
2-D Dynamic Programming,False,Longest Increasing Path In a Matrix,/problems/longest-increasing-path-in-matrix,Hard,False
2-D Dynamic Programming,False,Maximal Square,https://leetcode.com/problems/maximal-square/,Medium,False
2-D Dynamic Programming,False,Ones and Zeroes,https://leetcode.com/problems/ones-and-zeroes/,Medium,False
2-D Dynamic Programming,False,Maximum Alternating Subsequence Sum,https://leetcode.com/problems/maximum-alternating-subsequence-sum/,Medium,False
2-D Dynamic Programming,False,Distinct Subsequences,/problems/count-subsequences,Hard,False
2-D Dynamic Programming,False,Edit Distance,/problems/edit-distance,Medium,False
2-D Dynamic Programming,False,Number of Dice Rolls with Target Sum,https://leetcode.com/problems/number-of-dice-rolls-with-target-sum,Medium,False
2-D Dynamic Programming,False,Minimum Falling Path Sum,https://leetcode.com/problems/minimum-falling-path-sum,Medium,False
2-D Dynamic Programming,False,Out of Boundary Paths,https://leetcode.com/problems/out-of-boundary-paths,Medium,False
2-D Dynamic Programming,False,Longest Ideal Subsequence,https://leetcode.com/problems/longest-ideal-subsequence,Medium,False
2-D Dynamic Programming,False,Count Vowels Permutation,https://leetcode.com/problems/count-vowels-permutation/,Hard,False
2-D Dynamic Programming,False,Burst Balloons,/problems/burst-balloons,Hard,False
2-D Dynamic Programming,False,Number of Ways to Rearrange Sticks With K Sticks Visible,https://leetcode.com/problems/number-of-ways-to-rearrange-sticks-with-k-sticks-visible/,Hard,False
2-D Dynamic Programming,False,Regular Expression Matching,/problems/regular-expression-matching,Hard,False
2-D Dynamic Programming,False,Stone Game II,https://leetcode.com/problems/stone-game-ii/,Medium,False
2-D Dynamic Programming,False,Flip String to Monotone Increasing,https://leetcode.com/problems/flip-string-to-monotone-increasing/,Medium,False
2-D Dynamic Programming,False,Maximum Value of K Coins from Piles,https://leetcode.com/problems/maximum-value-of-k-coins-from-piles/,Hard,False
2-D Dynamic Programming,False,Number of Music Playlists,https://leetcode.com/problems/number-of-music-playlists/,Hard,False
2-D Dynamic Programming,False,Number of Ways to Form a Target String Given a Dictionary,https://leetcode.com/problems/number-of-ways-to-form-a-target-string-given-a-dictionary/,Hard,False
2-D Dynamic Programming,False,Profitable Schemes,https://leetcode.com/problems/profitable-schemes/,Hard,False
2-D Dynamic Programming,False,Minimum Cost to Cut a Stick,https://leetcode.com/problems/minimum-cost-to-cut-a-stick/,Hard,False
2-D Dynamic Programming,False,Painting the Walls,https://leetcode.com/problems/painting-the-walls,Hard,False
2-D Dynamic Programming,False,Number of Ways to Stay in the Same Place After Some Steps,https://leetcode.com/problems/number-of-ways-to-stay-in-the-same-place-after-some-steps,Hard,False
2-D Dynamic Programming,False,String Compression II,https://leetcode.com/problems/string-compression-ii,Hard,False
2-D Dynamic Programming,False,Minimum Difficulty of a Job Schedule,https://leetcode.com/problems/minimum-difficulty-of-a-job-schedule,Hard,False
2-D Dynamic Programming,False,Arithmetic Slices II,https://leetcode.com/problems/arithmetic-slices-ii-subsequence,Hard,False
2-D Dynamic Programming,False,K Inverse Pairs Array,https://leetcode.com/problems/k-inverse-pairs-array,Hard,False
2-D Dynamic Programming,False,Cherry Pickup II,https://leetcode.com/problems/cherry-pickup-ii,Hard,False
2-D Dynamic Programming,False,Minimum Falling Path Sum II,https://leetcode.com/problems/minimum-falling-path-sum-ii,Hard,False
2-D Dynamic Programming,False,Freedom Trail,https://leetcode.com/problems/freedom-trail,Hard,False
Greedy,False,Buy Two Chocolates,https://leetcode.com/problems/buy-two-chocolates,Easy,False
Greedy,False,Maximum Odd Binary Number,https://leetcode.com/problems/maximum-odd-binary-number,Easy,True
Greedy,False,Maximum Nesting Depth of the Parentheses,https://leetcode.com/problems/maximum-nesting-depth-of-the-parentheses,Easy,False
Greedy,False,Maximum Subarray,/problems/maximum-subarray,Medium,False
Greedy,False,Maximum Sum Circular Subarray,https://leetcode.com/problems/maximum-sum-circular-subarray/,Medium,False
Greedy,False,Longest Turbulent Array,https://leetcode.com/problems/longest-turbulent-subarray/,Medium,False
Greedy,False,Jump Game,/problems/jump-game,Medium,False
Greedy,False,Jump Game II,/problems/jump-game-ii,Medium,True
Greedy,False,Jump Game VII,https://leetcode.com/problems/jump-game-vii/,Medium,False
Greedy,False,Gas Station,/problems/gas-station,Medium,False
Greedy,False,Hand of Straights,/problems/hand-of-straights,Medium,False
Greedy,False,Minimize Maximum of Array,https://leetcode.com/problems/minimize-maximum-of-array/,Medium,False
Greedy,False,Dota2 Senate,https://leetcode.com/problems/dota2-senate/,Medium,False
Greedy,False,Maximum Points You Can Obtain From Cards,https://leetcode.com/problems/maximum-points-you-can-obtain-from-cards/,Medium,False
Greedy,False,Merge Triplets to Form Target Triplet,/problems/merge-triplets-to-form-target,Medium,False
Greedy,False,Partition Labels,/problems/partition-labels,Medium,False
Greedy,False,Valid Parenthesis String,/problems/valid-parenthesis-string,Medium,False
Greedy,False,Eliminate Maximum Number of Monsters,https://leetcode.com/problems/eliminate-maximum-number-of-monsters/,Medium,False
Greedy,False,Two City Scheduling,https://leetcode.com/problems/two-city-scheduling/,Medium,False
Greedy,False,Maximum Length of Pair Chain,https://leetcode.com/problems/maximum-length-of-pair-chain/,Medium,False
Greedy,False,Minimum Deletions to Make Character Frequencies Unique,https://leetcode.com/problems/minimum-deletions-to-make-character-frequencies-unique/,Medium,False
Greedy,False,Candy,https://leetcode.com/problems/candy/,Medium,False
Greedy,False,Remove Colored Pieces if Both Neighbors are the Same Color,https://leetcode.com/problems/remove-colored-pieces-if-both-neighbors-are-the-same-color,Medium,False
Greedy,False,Maximum Element After Decreasing and Rearranging,https://leetcode.com/problems/maximum-element-after-decreasing-and-rearranging,Medium,False
Greedy,False,Number of Laser Beams in a Bank,https://leetcode.com/problems/number-of-laser-beams-in-a-bank,Medium,False
Greedy,False,Reveal Cards In Increasing Order,https://leetcode.com/problems/reveal-cards-in-increasing-order,Medium,False
Greedy,False,Score After Flipping Matrix,https://leetcode.com/problems/score-after-flipping-matrix,Medium,False
Greedy,False,Maximum Score of a Good Subarray,https://leetcode.com/problems/maximum-score-of-a-good-subarray,Hard,False
Greedy,False,Find the Maximum Sum of Node Values,https://leetcode.com/problems/find-the-maximum-sum-of-node-values,Hard,False
Intervals,False,Insert Interval,/problems/insert-new-interval,Medium,False
Intervals,False,Merge Intervals,/problems/merge-intervals,Medium,False
Intervals,False,Non Overlapping Intervals,/problems/non-overlapping-intervals,Medium,False
Intervals,False,Meeting Rooms,/problems/meeting-schedule,Easy,False
Intervals,True,Meeting Rooms II,/problems/meeting-schedule-ii,Medium,True
Intervals,False,Remove Covered Intervals,https://leetcode.com/problems/remove-covered-intervals/,Medium,False
Intervals,False,Minimum Number of Arrows to Burst Balloons,https://leetcode.com/problems/minimum-number-of-arrows-to-burst-balloons,Medium,False
Intervals,False,Minimum Interval to Include Each Query,/problems/minimum-interval-including-query,Hard,False
Intervals,False,Data Stream as Disjoint Intervals,https://leetcode.com/problems/data-stream-as-disjoint-intervals/,Hard,False
Intervals,False,Meeting Rooms III,https://leetcode.com/problems/meeting-rooms-iii,Hard,False
Math & Geometry,False,Excel Sheet Column Title,https://leetcode.com/problems/excel-sheet-column-title/,Easy,False
Math & Geometry,False,Greatest Common Divisor of Strings,https://leetcode.com/problems/greatest-common-divisor-of-strings/,Easy,False
Math & Geometry,False,Count Odd Numbers in an Interval Range,https://leetcode.com/problems/count-odd-numbers-in-an-interval-range/,Easy,False
Math & Geometry,False,Matrix Diagonal Sum,https://leetcode.com/problems/matrix-diagonal-sum/,Easy,False
Math & Geometry,False,Calculate Money in Leetcode Bank,https://leetcode.com/problems/calculate-money-in-leetcode-bank,Easy,False
Math & Geometry,False,Largest Odd Number in String,https://leetcode.com/problems/largest-odd-number-in-string,Easy,False
Math & Geometry,False,Transpose Matrix,https://leetcode.com/problems/transpose-matrix,Easy,False
Math & Geometry,False,Image Smoother,https://leetcode.com/problems/image-smoother,Easy,False
Math & Geometry,False,Count of Matches in Tournament,https://leetcode.com/problems/count-of-matches-in-tournament,Easy,False
Math & Geometry,False,Largest Local Values in a Matrix,https://leetcode.com/problems/largest-local-values-in-a-matrix,Easy,False
Math & Geometry,False,Power of Four,https://leetcode.com/problems/power-of-four,Easy,False
Math & Geometry,False,Maximum Points on a Line,https://leetcode.com/problems/max-points-on-a-line/,Hard,False
Math & Geometry,False,Rotate Image,/problems/rotate-matrix,Medium,False
Math & Geometry,False,Spiral Matrix,/problems/spiral-matrix,Medium,False
Math & Geometry,False,Spiral Matrix II,https://leetcode.com/problems/spiral-matrix-ii/,Medium,False
Math & Geometry,False,Set Matrix Zeroes,/problems/set-zeroes-in-matrix,Medium,False
Math & Geometry,False,Happy Number,/problems/non-cyclical-number,Easy,False
Math & Geometry,False,Plus One,/problems/plus-one,Easy,False
Math & Geometry,False,Palindrome Number,https://leetcode.com/problems/palindrome-number/,Easy,False
Math & Geometry,False,Ugly Number,https://leetcode.com/problems/ugly-number/,Easy,False
Math & Geometry,False,Shift 2D Grid,https://leetcode.com/problems/shift-2d-grid/,Easy,False
Math & Geometry,False,Roman to Integer,https://leetcode.com/problems/roman-to-integer/,Easy,False
Math & Geometry,False,Integer to Roman,https://leetcode.com/problems/integer-to-roman/,Medium,False
Math & Geometry,False,"Pow(x, n)",/problems/pow-x-n,Medium,False
Math & Geometry,False,Multiply Strings,/problems/multiply-strings,Medium,False
Math & Geometry,False,Detect Squares,/problems/count-squares,Medium,False
Math & Geometry,False,Robot Bounded In Circle,https://leetcode.com/problems/robot-bounded-in-circle/,Medium,False
Math & Geometry,False,Zigzag Conversion,https://leetcode.com/problems/zigzag-conversion/,Medium,False
Math & Geometry,False,Find Missing Observations,https://leetcode.com/problems/find-missing-observations/,Medium,False
Math & Geometry,False,Largest Submatrix With Rearrangements,https://leetcode.com/problems/largest-submatrix-with-rearrangements,Medium,False
Math & Geometry,False,Wildest Vertical Area Between Two Points Containing No Points,https://leetcode.com/problems/widest-vertical-area-between-two-points-containing-no-points,Medium,False
Math & Geometry,False,Minimum Number of One Bit Operations to Make Integers Zero,https://leetcode.com/problems/minimum-one-bit-operations-to-make-integers-zero,Hard,False
Bit Manipulation,True,Single Number,/problems/single-number,Easy,True
Bit Manipulation,False,Single Number III,https://leetcode.com/problems/single-number-iii/,Medium,False
Bit Manipulation,True,Number of 1 Bits,/problems/number-of-one-bits,Easy,True
Bit Manipulation,True,Counting Bits,/problems/counting-bits,Easy,True
Bit Manipulation,False,Reverse Bits,/problems/reverse-bits,Easy,False
Bit Manipulation,False,Missing Number,/problems/missing-number,Easy,False
Bit Manipulation,False,Shuffle the Array,https://leetcode.com/problems/shuffle-the-array/,Easy,False
Bit Manipulation,False,Add to Array-Form of Integer,https://leetcode.com/problems/add-to-array-form-of-integer/,Easy,False
Bit Manipulation,False,Find the Diffrence,https://leetcode.com/problems/find-the-difference,Easy,False
Bit Manipulation,False,Power of Two,https://leetcode.com/problems/power-of-two,Easy,False
Bit Manipulation,False,Sum of Two Integers,/problems/sum-of-two-integers,Medium,False
Bit Manipulation,False,Reverse Integer,/problems/reverse-integer,Medium,False
Bit Manipulation,False,Bitwise AND of Numbers Range,https://leetcode.com/problems/bitwise-and-of-numbers-range,Medium,False
Bit Manipulation,False,Count Triplets That Can Form Two Arrays of Equal XOR,https://leetcode.com/problems/count-triplets-that-can-form-two-arrays-of-equal-xor,Medium,False
Bit Manipulation,False,Add Binary,https://leetcode.com/problems/add-binary/,Easy,False
JavaScript,False,Create Hello World Function,https://leetcode.com/problems/create-hello-world-function/,Easy,False
JavaScript,False,Counter,https://leetcode.com/problems/counter/,Easy,False
JavaScript,False,Counter II,https://leetcode.com/problems/counter-ii/,Easy,False
JavaScript,False,Apply Transform over each Element in Array,https://leetcode.com/problems/apply-transform-over-each-element-in-array/,Easy,False
JavaScript,False,Filter Elements from Array,https://leetcode.com/problems/filter-elements-from-array/,Easy,False
JavaScript,False,Array Reduce Transformation,https://leetcode.com/problems/array-reduce-transformation/,Easy,False
JavaScript,False,Function Composition,https://leetcode.com/problems/function-composition/,Easy,False
JavaScript,False,Allow One Function Call,https://leetcode.com/problems/allow-one-function-call/,Easy,False
JavaScript,False,Memoize,https://leetcode.com/problems/memoize/,Medium,False
JavaScript,False,Curry,https://leetcode.com/problems/curry/,Medium,False
JavaScript,False,Sleep,https://leetcode.com/problems/sleep/,Easy,False
JavaScript,False,Promise Time Limit,https://leetcode.com/problems/promise-time-limit/,Easy,False
JavaScript,False,Promise Pool,https://leetcode.com/problems/promise-pool/,Medium,False
JavaScript,False,Cache With Time Limit,https://leetcode.com/problems/cache-with-time-limit/,Medium,False
JavaScript,False,Debounce,https://leetcode.com/problems/debounce/,Medium,False
JavaScript,False,Throttle,https://leetcode.com/problems/throttle/,Medium,False
JavaScript,False,JSON Deep Equal,https://leetcode.com/problems/json-deep-equal/,Medium,False
JavaScript,False,Convert Object to JSON String,https://leetcode.com/problems/convert-object-to-json-string/,Medium,False
JavaScript,False,Array of Objects to Matrix,https://leetcode.com/problems/array-of-objects-to-matrix/,Medium,False
JavaScript,False,Difference Between Two Objects,https://leetcode.com/problems/differences-between-two-objects/,Medium,False
JavaScript,False,Chunk Array,https://leetcode.com/problems/chunk-array/,Easy,False
JavaScript,False,Flatten Deeply Nested Array,https://leetcode.com/problems/flatten-deeply-nested-array/,Medium,False
JavaScript,False,Array Prototype Last,https://leetcode.com/problems/array-prototype-last/,Easy,False
JavaScript,False,Group By,https://leetcode.com/problems/group-by/,Medium,False
JavaScript,False,Check if Object Instance of Class,https://leetcode.com/problems/check-if-object-instance-of-class/,Medium,False
JavaScript,False,Call Function with Custom Context,https://leetcode.com/problems/call-function-with-custom-context/,Medium,False
JavaScript,False,Event Emitter,https://leetcode.com/problems/event-emitter/,Medium,False
JavaScript,False,Array Wrapper,https://leetcode.com/problems/array-wrapper/,Easy,False
JavaScript,False,Generate Fibonacci Sequence,https://leetcode.com/problems/generate-fibonacci-sequence/,Easy,False
JavaScript,False,Nested Array Generator,https://leetcode.com/problems/nested-array-generator/,Medium,False
